Event,Header,PacketLength,TriggerType,StatusFlags,FlagPileup,FlagPolarity,FlagOffset,FlagCfdValid,HeaderType,TriggerID,ModuleID,ChannelID,SyncDelay,SynceCount,PeakSum,PeakTime,Prerise,IntegratedSum,Baseline,CFDPoint0,CFDPoint1,CFDPoint2,CFDPoint3,IntTimestamp0,IntTimestamp1,IntTimestamp2,IntTimestamp3,WaveformWords,Info.max,Info.min,Info.fracTimestamp,Info.intEnergy,Info.intEnergyB,Info.mean,Info.stdDev,
0,0XAAAAAAAA,1035,0,2,0,1,0,0,0,0,0,6,1073741528,0,16063,-17,528736,280878,5258,-1600,-1915,-2225,-2518,0,49414,45403,233,2046,1623,1197,-48252.828547,16510.000000,17978.000000,1320.013196,47.427264,
1,0XAAAAAAAA,1035,0,2,0,1,0,0,0,0,0,6,1073741528,0,16614,-18,524553,286820,5258,-2248,-2595,-2909,-3122,0,48609,50676,233,2046,1699,1137,-65061.307902,24543.500000,23920.000000,1328.100684,56.700527,
2,0XAAAAAAAA,1035,0,2,0,1,0,0,0,0,0,6,1073741528,0,15980,-16,526250,279428,5258,-1277,-1582,-1887,-2187,0,13197,52614,233,2046,1614,1174,-41405.820977,16303.000000,16528.000000,1324.525904,45.262545,
3,0XAAAAAAAA,1035,0,2,0,1,0,0,0,0,0,6,1073741528,0,16523,-18,527104,286421,5258,-1960,-2282,-2594,-2847,0,51241,53173,233,2046,1677,1165,-57616.324700,22869.000000,23521.000000,1327.902737,55.733594,
4,0XAAAAAAAA,1035,0,2,0,1,0,0,0,0,0,6,1073741528,0,18481,-21,523090,294512,5258,-4346,-4814,-5003,-5066,0,1548,54220,233,2046,1865,1175,-139767.276855,32967.000000,31612.000000,1326.790323,74.116514,
5,0XAAAAAAAA,1035,0,2,0,1,0,0,0,0,0,6,1073741528,0,18886,-20,526916,301970,5248,-5197,-5545,-5589,-5587,0,8707,56364,233,2046,1911,1159,-304239.428885,38512.000000,39570.000000,1336.561584,81.710806,
6,0XAAAAAAAA,1035,0,2,0,1,0,0,0,0,0,6,1073741528,0,17110,-26,523596,288315,5248,-3094,-3542,-3810,-3934,0,64013,56559,233,2046,1771,1180,-89296.987088,26517.000000,25915.000000,1331.832356,60.186365,
7,0XAAAAAAAA,1035,0,2,0,1,0,0,0,0,0,6,1073741528,0,15023,-14,525476,272627,5264,-740,-1087,-1412,-1635,0,28693,62910,233,2046,1586,1179,-30321.151717,9889.000000,9427.000000,1316.665200,38.815311,
8,0XAAAAAAAA,1035,0,2,0,1,0,0,0,0,0,6,1073741528,0,16763,-19,521581,284759,5264,-2784,-3142,-3445,-3622,0,48466,63746,233,2046,1693,1171,-80205.892794,23968.500000,21559.000000,1324.155914,53.685078,
9,0XAAAAAAAA,1035,0,2,0,1,0,0,0,0,0,6,1073741528,0,16800,-19,526731,285176,5264,-2573,-2935,-3233,-3357,0,45736,64533,233,2046,1723,1190,-79421.383648,21810.500000,21976.000000,1320.725806,56.050307,
10,0XAAAAAAAA,1035,0,2,0,1,0,0,0,0,0,6,1073741528,0,15848,-16,530299,278881,5264,-1807,-2178,-2414,-2488,0,47306,220,234,2046,1685,1191,-68325.288869,13731.500000,15681.000000,1324.419844,45.875348,
11,0XAAAAAAAA,1035,0,2,0,1,0,0,0,0,0,6,1073741528,0,18686,-20,523530,297415,5264,-4732,-5211,-5449,-5472,0,26313,3471,234,2046,1883,1169,-144803.363168,35650.000000,34215.000000,1332.904203,78.113908,
12,0XAAAAAAAA,1035,0,2,0,1,0,0,0,0,0,6,1073741528,0,17904,-19,527860,292087,5256,-3398,-3823,-4161,-4265,0,19087,4734,234,2046,1814,1162,-92065.328343,28157.000000,29287.000000,1326.434018,68.804555,
13,0XAAAAAAAA,1035,0,2,0,1,0,0,0,0,0,6,1073741528,0,19998,-20,527626,305986,5256,-6316,-6673,-6737,-6717,0,19558,6162,234,2046,2040,1192,-351176.006314,42173.000000,43186.000000,1336.993646,95.295509,
14,0XAAAAAAAA,1035,0,2,0,1,0,0,0,0,0,6,1073741528,0,14953,-26,525635,277400,5256,-1043,-1390,-1732,-1982,0,63820,9940,234,2046,1575,1184,-35764.482431,14582.500000,14600.000000,1325.761975,39.482361,
15,0XAAAAAAAA,1035,0,2,0,1,0,0,0,0,0,6,1073741528,0,15934,-25,528416,283146,5256,-1987,-2328,-2638,-2869,0,40061,10115,234,2046,1638,1144,-58712.223726,18938.000000,20346.000000,1324.939394,49.354744,
16,0XAAAAAAAA,1035,0,2,0,1,0,0,0,0,0,6,1073741528,0,21745,-21,529683,317973,5263,-7684,-8101,-8135,-8107,0,65344,11425,234,2046,2222,1197,-412990.534664,53131.500000,54823.000000,1343.960899,117.303820,
17,0XAAAAAAAA,1035,0,2,0,1,0,0,0,0,0,6,1073741528,0,16111,-15,525595,280687,5263,-1021,-1424,-1713,-1880,0,45962,16827,234,2046,1673,1179,-38446.150268,17889.500000,17537.000000,1323.969208,47.059087,
18,0XAAAAAAAA,1035,0,2,0,1,0,0,0,0,0,6,1073741528,0,16273,-17,532098,283807,5260,-1632,-1939,-2237,-2521,0,51557,20191,234,2046,1645,1185,-50151.770658,17758.000000,20807.000000,1322.636852,48.675121,
19,0XAAAAAAAA,1035,0,2,0,1,0,0,0,0,0,6,1073741528,0,15643,-25,529040,277686,5260,-1847,-2283,-2583,-2662,0,37219,24406,234,2046,1636,1185,-60255.009107,13166.000000,14686.000000,1323.825513,41.891931,
20,0XAAAAAAAA,1035,0,2,0,1,0,0,0,0,0,6,1073741528,0,17028,-17,527553,286511,5258,-1871,-2190,-2460,-2696,0,39852,25938,234,2046,1764,1177,-59295.689132,22734.500000,23611.000000,1327.630499,57.499971,
21,0XAAAAAAAA,1035,0,2,0,1,0,0,0,0,0,6,1073741528,0,19916,-20,523782,307586,5258,-6068,-6605,-6833,-6799,0,3184,34449,234,2046,2035,1152,-184422.414980,45695.000000,44686.000000,1338.260020,95.914754,
22,0XAAAAAAAA,1035,0,2,0,1,0,0,0,0,0,6,1073741528,0,18782,-20,529060,298662,5259,-4947,-5370,-5522,-5471,0,23846,36329,234,2046,1925,1189,-209346.481052,34132.000000,35712.000000,1332.070381,78.482946,
23,0XAAAAAAAA,1035,0,2,0,1,0,0,0,0,0,6,1073741528,0,16634,-19,523729,285207,5259,-2764,-3116,-3432,-3621,0,55682,36483,234,2046,1679,1183,-77995.612516,23342.500000,22257.000000,1324.746334,54.848353,
24,0XAAAAAAAA,1035,0,2,0,1,0,0,0,0,0,6,1073741528,0,16713,-18,525680,283728,5257,-2538,-2899,-3233,-3490,0,37587,41197,234,2046,1686,1173,-66865.203762,20888.000000,20878.000000,1321.281036,52.400674,
25,0XAAAAAAAA,1035,0,2,0,1,0,0,0,0,0,6,1073741528,0,15002,-13,531248,273144,5257,852,525,192,-68,0,14388,41303,234,2046,1575,1177,4754.822718,7520.000000,10294.000000,1319.593842,37.039380,
26,0XAAAAAAAA,1035,0,2,0,1,0,0,0,0,0,6,1073741528,0,16469,-16,522351,282196,5257,-1875,-2255,-2466,-2545,0,29992,44650,234,2046,1740,1156,-71928.560708,21020.500000,19346.000000,1324.392473,51.088598,
27,0XAAAAAAAA,1035,0,2,0,1,0,0,0,0,0,6,1073741528,0,16195,-17,523649,281992,5257,-2014,-2319,-2585,-2837,0,35901,44741,234,2046,1658,1173,-62778.793419,20167.500000,19142.000000,1323.151515,52.156351,
28,0XAAAAAAAA,1035,0,2,0,1,0,0,0,0,0,6,1073741528,0,14855,-25,526317,271781,5256,-619,-980,-1271,-1539,0,3171,51415,234,2046,1594,1162,-27418.332787,8622.500000,8981.000000,1318.399316,37.057990,
29,0XAAAAAAAA,1035,0,2,0,1,0,0,0,0,0,6,1073741528,0,16653,-18,526233,284336,5256,-2483,-2848,-3181,-3398,0,46247,56455,234,2046,1693,1175,-67823.261858,21219.500000,21536.000000,1326.457478,54.828497,
30,0XAAAAAAAA,1035,0,2,0,1,0,0,0,0,0,6,1073741528,0,15258,-12,526342,275512,5258,1214,850,561,334,0,60249,58057,234,2046,1629,1176,13504.040059,12341.000000,12612.000000,1321.336266,39.845134,
31,0XAAAAAAAA,1035,0,2,0,1,0,0,0,0,0,6,1073741528,0,14845,-13,524183,272508,5258,405,31,-315,-555,0,28850,58639,234,2046,1579,1165,-5575.532135,10416.500000,9608.000000,1319.118768,37.729073,
32,0XAAAAAAAA,1035,0,2,0,1,0,0,0,0,0,6,1073741528,0,15920,-16,527621,278739,5258,-1055,-1377,-1650,-1917,0,44788,65424,234,2046,1685,1192,-38304.768567,14928.500000,15839.000000,1323.712610,42.856184,
33,0XAAAAAAAA,1035,0,2,0,1,0,0,0,0,0,6,1073741528,0,15394,-26,528507,276221,5258,-1408,-1785,-2086,-2205,0,10709,4062,235,2046,1613,1175,-49668.152551,11967.500000,13321.000000,1319.856305,42.073248,
34,0XAAAAAAAA,1035,0,2,0,1,0,0,0,0,0,6,1073741528,0,15501,-12,521377,278738,5260,390,4,-324,-567,0,54061,4883,235,2046,1610,1188,-5922.684172,18049.500000,15738.000000,1323.739980,39.240303,
35,0XAAAAAAAA,1035,0,2,0,1,0,0,0,0,0,6,1073741528,0,15626,-13,526161,280194,5260,506,108,-187,-395,0,12390,14025,235,2046,1634,1162,-3155.436958,17113.500000,17194.000000,1319.737537,43.912359,
36,0XAAAAAAAA,1035,0,2,0,1,0,0,0,0,0,6,1073741528,0,15053,-14,527207,274188,5260,-471,-837,-1191,-1444,0,43051,15639,235,2046,1593,1157,-23411.752724,10584.500000,11188.000000,1315.649071,41.738281,
37,0XAAAAAAAA,1035,0,2,0,1,0,0,0,0,0,6,1073741528,0,14874,-26,524049,273264,5254,-1323,-1643,-1917,-2118,0,18776,17736,235,2046,1593,1179,-47215.745268,11239.500000,10564.000000,1319.763441,38.182227,
38,0XAAAAAAAA,1035,0,2,0,1,0,0,0,0,0,6,1073741528,0,18523,-21,530722,297606,5254,-4116,-4554,-4877,-4967,0,30649,19649,235,2046,1894,1181,-110623.551229,32245.000000,34906.000000,1330.505865,76.534914,
39,0XAAAAAAAA,1035,0,2,0,1,0,0,0,0,0,6,1073741528,0,15623,-15,523693,276472,5254,-940,-1253,-1559,-1832,0,32288,21640,235,2046,1591,1180,-34542.812430,14625.500000,13772.000000,1321.058162,40.168828,
40,0XAAAAAAAA,1035,0,2,0,1,0,0,0,0,0,6,1073741528,0,16751,-19,524633,283886,5267,-2666,-3027,-3353,-3537,0,50671,25068,235,2046,1694,1184,-74689.803788,21569.500000,20536.000000,1328.389541,54.289684,
41,0XAAAAAAAA,1035,0,2,0,1,0,0,0,0,0,6,1073741528,0,15712,-25,524350,280586,5267,-1735,-2144,-2498,-2732,0,22720,25119,235,2046,1641,1180,-48719.481814,18411.000000,17236.000000,1323.648094,47.200269,
42,0XAAAAAAAA,1035,0,2,0,1,0,0,0,0,0,6,1073741528,0,20034,-21,522734,307991,5267,-6110,-6465,-6502,-6502,0,47811,27266,235,2046,2026,1179,-354789.777411,46624.000000,44641.000000,1341.015640,94.308621,
43,0XAAAAAAAA,1035,0,2,0,1,0,0,0,0,0,6,1073741528,0,15743,-16,523614,280180,5264,-1365,-1680,-1975,-2222,0,3812,34508,235,2046,1611,1178,-45447.778553,18373.000000,16980.000000,1319.305474,46.822673,
44,0XAAAAAAAA,1035,0,2,0,1,0,0,0,0,0,6,1073741528,0,16942,-19,524992,288236,5264,-2709,-3084,-3426,-3689,0,11782,61211,235,2046,1710,1206,-68882.795044,25740.000000,25036.000000,1328.499022,57.513828,
45,0XAAAAAAAA,1035,0,2,0,1,0,0,0,0,0,6,1073741528,0,15968,-17,526122,282342,5258,-1571,-1885,-2202,-2488,0,44924,63259,235,2046,1625,1154,-47585.832247,19281.000000,19442.000000,1330.457967,47.977572,
46,0XAAAAAAAA,1035,0,2,0,1,0,0,0,0,0,6,1073741528,0,16256,-19,527115,281808,5258,-2357,-2685,-2983,-3197,0,37397,4016,236,2046,1642,1185,-69704.281997,18250.500000,18908.000000,1319.728250,51.178654,
47,0XAAAAAAAA,1035,0,2,0,1,0,0,0,0,0,6,1073741528,0,16321,-18,528186,281726,5258,-2116,-2482,-2846,-3104,0,33302,4538,236,2046,1674,1190,-56157.852564,17633.000000,18826.000000,1329.844086,48.710404,
48,0XAAAAAAAA,1035,0,2,0,1,0,0,0,0,0,6,1073741528,0,16854,-23,526736,283566,5264,-2406,-2816,-3087,-3265,0,57567,5315,236,2046,1759,1154,-71065.074906,20198.000000,20366.000000,1326.188172,53.983699,
49,0XAAAAAAAA,1035,0,2,0,1,0,0,0,0,0,6,1073741528,0,15325,-14,527194,276036,5264,441,90,-213,-411,0,35059,8952,236,2046,1595,1173,-3875.480937,12439.000000,12836.000000,1322.110948,39.691182,
50,0XAAAAAAAA,1035,0,2,0,1,0,0,0,0,0,6,1073741528,0,14002,-13,524435,265585,5259,214,-145,-458,-673,0,59632,13093,236,2046,1504,1137,-9284.913696,3367.500000,2635.000000,1316.164712,36.279042,
51,0XAAAAAAAA,1035,0,2,0,1,0,0,0,0,0,6,1073741528,0,14876,-25,524027,273454,5259,-631,-961,-1278,-1588,0,28792,25561,236,2046,1573,1197,-26639.481389,11440.500000,10504.000000,1320.530792,36.438123,
52,0XAAAAAAAA,1035,0,2,0,1,0,0,0,0,0,6,1073741528,0,18152,-20,527813,295039,5257,-4207,-4669,-4975,-5042,0,39447,29031,236,2046,1829,1156,-115351.594925,31132.500000,32189.000000,1327.589932,72.941094,
53,0XAAAAAAAA,1035,0,2,0,1,0,0,0,0,0,6,1073741528,0,15524,-23,526855,280794,5257,-1066,-1392,-1695,-1953,0,14382,30733,236,2046,1619,1183,-37667.566352,17366.500000,17944.000000,1326.344086,46.480447,
54,0XAAAAAAAA,1035,0,2,0,1,0,0,0,0,0,6,1073741528,0,16648,-19,524642,285922,5257,-2128,-2451,-2775,-3074,0,8091,36570,236,2046,1673,1165,-58298.545225,23601.000000,23072.000000,1327.707234,52.457345,
55,0XAAAAAAAA,1035,0,2,0,1,0,0,0,0,0,6,1073741528,0,16202,-17,524497,283265,5262,-1944,-2325,-2675,-2937,0,58292,37933,236,2046,1664,1175,-52802.643436,21016.500000,20165.000000,1323.521994,48.893787,
56,0XAAAAAAAA,1035,0,2,0,1,0,0,0,0,0,6,1073741528,0,17021,-19,526208,288233,5262,-2737,-3116,-3467,-3706,0,2360,39779,236,2046,1712,1166,-69969.306323,25129.000000,25133.000000,1325.801075,58.717950,
57,0XAAAAAAAA,1035,0,2,0,1,0,0,0,0,0,6,1073741528,0,15903,-13,524901,280301,5257,-372,-684,-972,-1243,0,53371,41827,236,2046,1621,1168,-22125.703780,17850.500000,17451.000000,1317.882209,46.778364,
58,0XAAAAAAAA,1035,0,2,0,1,0,0,0,0,0,6,1073741528,0,15715,-15,527856,278377,5257,-682,-1085,-1396,-1591,0,37580,43786,236,2046,1647,1174,-29414.088216,14449.000000,15527.000000,1324.162268,43.296282,
59,0XAAAAAAAA,1035,0,2,0,1,0,0,0,0,0,6,1073741528,0,20474,-20,525320,310544,5257,-6392,-6948,-7126,-7099,0,21611,45889,236,2046,2078,1163,-203166.594171,47884.000000,47694.000000,1339.218964,101.049333,
60,0XAAAAAAAA,1035,0,2,0,1,0,0,0,0,0,6,1073741528,0,18920,-20,525924,300090,5253,-4887,-5312,-5448,-5449,0,56288,49194,236,2046,1913,1177,-196308.086352,37128.000000,37440.000000,1333.647605,79.862433,
61,0XAAAAAAAA,1035,0,2,0,1,0,0,0,0,0,6,1073741528,0,18361,-21,528197,297294,5253,-4551,-4976,-5178,-5186,0,60210,50236,236,2046,1849,1175,-160673.943996,33195.500000,34644.000000,1334.529814,74.932396,
62,0XAAAAAAAA,1035,0,2,0,1,0,0,0,0,0,6,1073741528,0,16705,-16,527861,282760,5249,-1819,-2220,-2477,-2638,0,33270,54386,236,2046,1755,1173,-59548.022599,18829.500000,20310.000000,1326.420821,51.774582,
63,0XAAAAAAAA,1035,0,2,0,1,0,0,0,0,0,6,1073741528,0,19524,-21,525032,306039,5249,-5989,-6292,-6332,-6355,0,53541,59867,236,2046,1977,1179,-369004.100762,43523.000000,43589.000000,1338.017107,92.412650,
64,0XAAAAAAAA,1035,0,2,0,1,0,0,0,0,0,6,1073741528,0,15515,-14,525532,280588,5249,-452,-779,-1097,-1378,0,32113,61225,236,2046,1592,1181,-23283.807063,17822.000000,18138.000000,1331.056207,41.521765,
65,0XAAAAAAAA,1035,0,2,0,1,0,0,0,0,0,6,1073741528,0,15155,-25,527745,275177,5249,-1017,-1330,-1618,-1893,0,46849,65270,236,2046,1630,1150,-36815.272062,11304.500000,12727.000000,1319.543500,37.736919,
66,0XAAAAAAAA,1035,0,2,0,1,0,0,0,0,0,6,1073741528,0,17538,-20,526592,291887,5249,-3251,-3649,-3983,-4165,0,48606,65330,236,2046,1766,1180,-84867.793671,28591.000000,29437.000000,1327.350929,66.624053,
67,0XAAAAAAAA,1035,0,2,0,1,0,0,0,0,0,6,1073741528,0,16295,-18,522898,282348,5259,-2253,-2620,-2966,-3238,0,11241,65403,236,2046,1676,1180,-59260.830051,20899.000000,19398.000000,1321.430108,52.173884,
68,0XAAAAAAAA,1035,0,2,0,1,0,0,0,0,0,6,1073741528,0,17185,-19,524754,289969,5259,-2912,-3303,-3637,-3828,0,42456,13838,237,2046,1735,1161,-77311.269738,27592.000000,27019.000000,1330.545455,61.202081,
69,0XAAAAAAAA,1035,0,2,0,1,0,0,0,0,0,6,1073741528,0,15804,-13,527850,280695,5259,-429,-768,-1060,-1313,0,44815,16136,237,2046,1595,1184,-23543.931159,16770.000000,17745.000000,1325.735093,44.785753,
70,0XAAAAAAAA,1035,0,2,0,1,0,0,0,0,0,6,1073741528,0,18537,-19,526751,296183,5264,-3750,-4106,-4462,-4665,0,62644,16745,237,2046,1935,1180,-94610.340750,32807.500000,32983.000000,1328.491202,74.863060,
71,0XAAAAAAAA,1035,0,2,0,1,0,0,0,0,0,6,1073741528,0,15037,-14,525614,273526,5264,-418,-767,-1075,-1281,0,46639,22379,237,2046,1573,1164,-23704.982165,10719.000000,10326.000000,1315.737048,37.717506,
72,0XAAAAAAAA,1035,0,2,0,1,0,0,0,0,0,6,1073741528,0,15162,-13,526685,274776,5264,-293,-624,-899,-1184,0,27796,25015,237,2046,1609,1189,-20293.984622,11433.500000,11576.000000,1320.312805,38.544396,
73,0XAAAAAAAA,1035,0,2,0,1,0,0,0,0,0,6,1073741528,0,17423,-23,525180,289767,5260,-3597,-4064,-4358,-4409,0,1097,26341,237,2046,1777,1142,-103626.373626,27177.000000,26767.000000,1325.295699,63.613055,
74,0XAAAAAAAA,1035,0,2,0,1,0,0,0,0,0,6,1073741528,0,15963,-13,523754,280816,5260,570,253,-52,-320,0,52076,31364,237,2046,1604,1193,-806.722689,18939.000000,17816.000000,1325.248778,47.615171,
75,0XAAAAAAAA,1035,0,2,0,1,0,0,0,0,0,6,1073741528,0,16480,-26,525754,285462,5260,-2329,-2693,-3061,-3307,0,37700,33763,237,2046,1745,1188,-60823.743186,22585.000000,22462.000000,1326.821603,53.768520,
76,0XAAAAAAAA,1035,0,2,0,1,0,0,0,0,0,6,1073741528,0,18462,-24,521857,298681,5260,-4394,-4902,-5181,-5235,0,55949,38179,237,2046,1879,1162,-120582.916964,37752.500000,35681.000000,1330.323558,78.258581,
77,0XAAAAAAAA,1035,0,2,0,1,0,0,0,0,0,6,1073741528,0,15639,-26,526662,279848,5255,-1657,-1980,-2263,-2480,0,51138,39161,237,2046,1626,1191,-54084.302326,16517.000000,17098.000000,1329.119746,46.503469,
78,0XAAAAAAAA,1035,0,2,0,1,0,0,0,0,0,6,1073741528,0,18589,-21,522168,298101,5255,-4837,-5211,-5315,-5281,0,39365,46384,237,2046,1884,1172,-242934.076137,37017.000000,35351.000000,1332.446237,76.935265,
79,0XAAAAAAAA,1035,0,2,0,1,0,0,0,0,0,6,1073741528,0,16319,-19,524049,284254,5255,-2156,-2489,-2806,-3036,0,16077,50377,237,2046,1644,1165,-62441.663848,22229.500000,21504.000000,1326.156891,49.246962,
80,0XAAAAAAAA,1035,0,2,0,1,0,0,0,0,0,6,1073741528,0,15282,-14,526275,275509,5255,616,267,-47,-251,0,51128,50495,237,2046,1566,1171,11.435106,12371.500000,12759.000000,1322.880743,38.678354,
81,0XAAAAAAAA,1035,0,2,0,1,0,0,0,0,0,6,1073741528,0,16665,-16,526503,286286,5261,-1391,-1692,-1953,-2176,0,17474,50599,237,2046,1743,1158,-49281.345566,23034.500000,23236.000000,1326.929130,55.289740,
82,0XAAAAAAAA,1035,0,2,0,1,0,0,0,0,0,6,1073741528,0,17776,-19,524278,289539,5261,-3444,-3916,-4285,-4391,0,43294,52342,237,2046,1812,1166,-86593.977155,27400.000000,26489.000000,1327.967253,66.366127,
83,0XAAAAAAAA,1035,0,2,0,1,0,0,0,0,0,6,1073741528,0,15604,-14,527467,279713,5258,-696,-1018,-1242,-1421,0,8720,61253,237,2046,1641,1153,-33741.836876,15979.500000,16813.000000,1321.356305,43.507279,
84,0XAAAAAAAA,1035,0,2,0,1,0,0,0,0,0,6,1073741528,0,16611,-19,533606,284511,5258,-2444,-2817,-3155,-3391,0,53275,2200,238,2046,1675,1209,-65234.350425,17708.000000,21611.000000,1330.757087,51.508715,
85,0XAAAAAAAA,1035,0,2,0,1,0,0,0,0,0,6,1073741528,0,15539,-15,523835,278384,5258,-999,-1355,-1612,-1752,0,22248,6342,238,2046,1616,1186,-41210.916799,16466.500000,15484.000000,1324.476051,41.423287,
86,0XAAAAAAAA,1035,0,2,0,1,0,0,0,0,0,6,1073741528,0,18881,-20,527909,299853,5261,-4832,-5248,-5426,-5347,0,42083,7672,238,2046,1924,1177,-205045.463339,35898.500000,36803.000000,1330.364125,82.220271,
87,0XAAAAAAAA,1035,0,2,0,1,0,0,0,0,0,6,1073741528,0,18587,-20,522645,298461,5261,-4522,-4984,-5269,-5309,0,64598,14538,238,2046,1880,1168,-129838.750315,37138.500000,35411.000000,1328.130499,77.448000,
88,0XAAAAAAAA,1035,0,2,0,1,0,0,0,0,0,6,1073741528,0,15362,-14,524809,273698,5261,69,-217,-515,-774,0,46063,21139,238,2046,1620,1190,-11805.211650,11293.500000,10648.000000,1321.746334,36.699164,
89,0XAAAAAAAA,1035,0,2,0,1,0,0,0,0,0,6,1073741528,0,19962,-21,528081,305747,5256,-6258,-6656,-6704,-6702,0,54554,21448,238,2046,2036,1181,-321207.729469,41706.500000,42947.000000,1336.895406,94.356460,
90,0XAAAAAAAA,1035,0,2,0,1,0,0,0,0,0,6,1073741528,0,16663,-19,524943,286074,5256,-2430,-2777,-3081,-3230,0,59782,25685,238,2046,1684,1177,-74326.923077,23602.500000,23274.000000,1325.463832,54.061778,
91,0XAAAAAAAA,1035,0,2,0,1,0,0,0,0,0,6,1073741528,0,21717,-21,524391,318569,5251,-8018,-8520,-8577,-8569,0,45074,30483,238,2046,2198,1153,-331637.426901,56373.500000,56019.000000,1341.759531,119.381335,
92,0XAAAAAAAA,1035,0,2,0,1,0,0,0,0,0,6,1073741528,0,15891,-26,524213,280740,5251,-1744,-2120,-2417,-2558,0,19379,45450,238,2046,1719,1175,-57118.169648,18633.500000,18190.000000,1328.202835,45.977792,
93,0XAAAAAAAA,1035,0,2,0,1,0,0,0,0,0,6,1073741528,0,15524,-16,523701,278138,5251,-1678,-2036,-2272,-2351,0,14319,45904,238,2046,1657,1153,-64951.958610,16287.500000,15588.000000,1324.735093,43.626259,
94,0XAAAAAAAA,1035,0,2,0,1,0,0,0,0,0,6,1073741528,0,16297,-16,526974,281248,5251,-1537,-1934,-2245,-2400,0,34150,54886,238,2046,1722,1183,-49977.011494,17761.000000,18698.000000,1325.372923,47.676412,
95,0XAAAAAAAA,1035,0,2,0,1,0,0,0,0,0,6,1073741528,0,18022,-20,528451,293628,5260,-4081,-4473,-4677,-4703,0,14063,2635,239,2046,1829,1163,-147729.468599,29402.500000,30628.000000,1329.723363,72.006196,
96,0XAAAAAAAA,1035,0,2,0,1,0,0,0,0,0,6,1073741528,0,16991,-17,522817,289618,5260,-2270,-2588,-2885,-3167,0,23523,6479,239,2046,1759,1194,-64187.862561,28209.500000,26618.000000,1329.994135,58.026757,
97,0XAAAAAAAA,1035,0,2,0,1,0,0,0,0,0,6,1073741528,0,16193,-17,526337,281849,5255,-1632,-1919,-2210,-2509,0,23305,14176,239,2046,1663,1169,-50504.220853,18680.500000,19099.000000,1325.929130,47.226243,
98,0XAAAAAAAA,1035,0,2,0,1,0,0,0,0,0,6,1073741528,0,16418,-18,531391,284781,5255,-1436,-1728,-2010,-2294,0,45954,16506,239,2046,1659,1189,-46914.098973,19085.500000,22031.000000,1327.866569,50.150051,
99,0XAAAAAAAA,1035,0,2,0,1,0,0,0,0,0,6,1073741528,0,16881,-19,523607,286078,5255,-2803,-3171,-3464,-3578,0,12552,17247,239,2046,1705,1175,-86195.569137,24274.500000,23328.000000,1327.158358,54.426525,
100,0XAAAAAAAA,1035,0,2,0,1,0,0,0,0,0,6,1073741528,0,15913,-15,524882,276484,5255,-821,-1146,-1445,-1722,0,54143,17409,239,2046,1625,1180,-31836.553409,14043.000000,13734.000000,1319.369013,42.100555,
101,0XAAAAAAAA,1035,0,2,0,1,0,0,0,0,0,6,1073741528,0,16744,-20,522835,284894,5261,-2760,-3103,-3408,-3542,0,1517,17674,239,2046,1685,1168,-83887.841066,23476.500000,21844.000000,1322.295699,55.000791,
102,0XAAAAAAAA,1035,0,2,0,1,0,0,0,0,0,6,1073741528,0,18659,-20,522874,297700,5261,-4656,-5162,-5484,-5501,0,58792,20286,239,2046,1901,1172,-124690.234512,36263.000000,34650.000000,1329.085044,78.295681,
103,0XAAAAAAAA,1035,0,2,0,1,0,0,0,0,0,6,1073741528,0,15290,-26,530928,277126,5261,-1407,-1797,-2141,-2353,0,28015,24298,239,2046,1625,1176,-43653.886445,11662.000000,14076.000000,1324.052297,42.480134,
104,0XAAAAAAAA,1035,0,2,0,1,0,0,0,0,0,6,1073741528,0,17027,-19,526314,289009,5252,-3017,-3412,-3766,-3971,0,9033,24492,239,2046,1718,1171,-76747.512438,25852.000000,26409.000000,1328.697947,58.633641,
105,0XAAAAAAAA,1035,0,2,0,1,0,0,0,0,0,6,1073741528,0,15391,-14,525939,274210,5252,-333,-665,-982,-1184,0,32461,25081,239,2046,1622,1173,-21707.317073,11240.500000,11610.000000,1318.589443,38.677282,
106,0XAAAAAAAA,1035,0,2,0,1,0,0,0,0,0,6,1073741528,0,15839,-26,527450,280470,5254,-2057,-2445,-2704,-2814,0,6550,30003,239,2046,1658,1187,-69341.238472,16745.000000,17770.000000,1325.279570,46.624517,
107,0XAAAAAAAA,1035,0,2,0,1,0,0,0,0,0,6,1073741528,0,16743,-19,523450,286946,5254,-2477,-2827,-3152,-3379,0,63412,30013,239,2046,1683,1159,-68410.865501,25221.000000,24246.000000,1323.161779,55.535804,
108,0XAAAAAAAA,1035,0,2,0,1,0,0,0,0,0,6,1073741528,0,18011,-19,524213,295674,5249,-3615,-4093,-4425,-4492,0,63969,30420,239,2046,1818,1149,-96847.789403,33567.500000,33224.000000,1330.861681,74.193552,
109,0XAAAAAAAA,1035,0,2,0,1,0,0,0,0,0,6,1073741528,0,18002,-21,526060,295843,5249,-4101,-4556,-4783,-4820,0,11204,30719,239,2046,1829,1172,-130989.932886,32813.000000,33393.000000,1325.284457,71.198250,
110,0XAAAAAAAA,1035,0,2,0,1,0,0,0,0,0,6,1073741528,0,17596,-19,520499,289642,5249,-3625,-4084,-4460,-4623,0,64061,32738,239,2046,1788,1171,-86379.821958,29392.500000,27192.000000,1327.276149,65.356654,
111,0XAAAAAAAA,1035,0,2,0,1,0,0,0,0,0,6,1073741528,0,17200,-20,522613,288592,5253,-2993,-3374,-3681,-3820,0,11600,42642,239,2046,1736,1182,-86236.250598,27285.500000,25942.000000,1321.082111,61.802733,
112,0XAAAAAAAA,1035,0,2,0,1,0,0,0,0,0,6,1073741528,0,15757,-15,523883,280672,5253,-1464,-1783,-2016,-2229,0,37865,49938,239,2046,1659,1164,-52726.793249,18730.500000,18022.000000,1321.760020,45.399902,
113,0XAAAAAAAA,1035,0,2,0,1,0,0,0,0,0,6,1073741528,0,17983,-19,521891,294532,5253,-3820,-4262,-4550,-4600,0,12188,50466,239,2046,1854,1172,-112617.960426,33586.500000,31882.000000,1328.315738,71.192311,
114,0XAAAAAAAA,1035,0,2,0,1,0,0,0,0,0,6,1073741528,0,15836,-15,526815,279683,5256,-1245,-1600,-1873,-1987,0,19684,51277,239,2046,1662,1190,-48051.220488,16275.500000,16883.000000,1326.962366,43.431039,
115,0XAAAAAAAA,1035,0,2,0,1,0,0,0,0,0,6,1073741528,0,15618,-15,527540,277473,5256,-630,-1006,-1277,-1420,0,27987,57326,239,2046,1653,1188,-30677.773571,13703.000000,14673.000000,1328.627566,40.439474,
116,0XAAAAAAAA,1035,0,2,0,1,0,0,0,0,0,6,1073741528,0,16630,-18,525942,285241,5256,-2510,-2868,-3201,-3419,0,38825,61652,239,2046,1679,1130,-68681.917211,22270.000000,22441.000000,1327.895894,53.086149,
117,0XAAAAAAAA,1035,0,2,0,1,0,0,0,0,0,6,1073741528,0,15805,-16,522447,280918,5256,-1379,-1700,-1974,-2234,0,12073,61982,239,2046,1641,1160,-46112.480921,19694.500000,18118.000000,1324.076246,45.292565,
118,0XAAAAAAAA,1035,0,2,0,1,0,0,0,0,0,6,1073741528,0,15608,-16,529544,276303,5257,-1559,-1906,-2205,-2447,0,4736,63102,239,2046,1656,1175,-48990.887614,11531.000000,13453.000000,1320.911046,42.672580,
119,0XAAAAAAAA,1035,0,2,0,1,0,0,0,0,0,6,1073741528,0,15781,-13,529587,280230,5258,12,-298,-597,-890,0,6031,64017,239,2046,1595,1177,-13166.943982,15436.500000,17330.000000,1324.985337,43.595445,
120,0XAAAAAAAA,1035,0,2,0,1,0,0,0,0,0,6,1073741528,0,20303,-21,526035,308001,5258,-5734,-6227,-6457,-6499,0,4129,642,240,2046,2084,1172,-167801.980198,44983.500000,45101.000000,1339.095797,96.595182,
121,0XAAAAAAAA,1035,0,2,0,1,0,0,0,0,0,6,1073741528,0,15239,-26,529706,275147,5258,-1111,-1464,-1787,-2003,0,29612,4208,240,2046,1601,1175,-38706.235412,10294.000000,12247.000000,1320.389541,38.410657,
122,0XAAAAAAAA,1035,0,2,0,1,0,0,0,0,0,6,1073741528,0,15817,-13,527503,276723,5258,228,-112,-387,-655,0,49951,7848,240,2046,1593,1173,-8611.491108,12971.500000,13823.000000,1320.678886,41.232408,
123,0XAAAAAAAA,1035,0,2,0,1,0,0,0,0,0,6,1073741528,0,18670,-20,528668,298011,5258,-4597,-5068,-5355,-5378,0,47109,8331,240,2046,1883,1178,-132598.225602,33677.000000,35111.000000,1333.658847,76.825741,
124,0XAAAAAAAA,1035,0,2,0,1,0,0,0,0,0,6,1073741528,0,16171,-19,530853,281213,5258,-1704,-2024,-2292,-2495,0,39276,14250,240,2046,1664,1124,-57069.291935,15786.500000,18313.000000,1322.287879,50.090902,
125,0XAAAAAAAA,1035,0,2,0,1,0,0,0,0,0,6,1073741528,0,21566,-21,527338,319632,5257,-7993,-8336,-8337,-8326,0,15231,14554,240,2046,2191,1154,-553200.000000,55963.000000,56782.000000,1341.980450,117.110397,
126,0XAAAAAAAA,1035,0,2,0,1,0,0,0,0,0,6,1073741528,0,15757,-14,528632,278882,5257,373,63,-252,-485,0,14253,14822,240,2046,1649,1191,-5069.805007,14566.000000,16032.000000,1328.190127,43.368970,
127,0XAAAAAAAA,1035,0,2,0,1,0,0,0,0,0,6,1073741528,0,14746,-14,526229,270481,5260,118,-252,-557,-704,0,34729,15174,240,2046,1568,1184,-11723.806087,7366.500000,7481.000000,1315.257576,33.648311,
128,0XAAAAAAAA,1035,0,2,0,1,0,0,0,0,0,6,1073741528,0,15501,-14,524443,276847,5260,-337,-706,-1014,-1233,0,60099,22352,240,2046,1616,1179,-21635.514019,14625.500000,13847.000000,1324.206745,39.194502,
129,0XAAAAAAAA,1035,0,2,0,1,0,0,0,0,0,6,1073741528,0,14605,-13,524388,270791,5258,230,-125,-463,-711,0,40907,28623,240,2046,1561,1168,-8969.735316,8597.000000,7891.000000,1317.112414,33.892433,
130,0XAAAAAAAA,1035,0,2,0,1,0,0,0,0,0,6,1073741528,0,15943,-15,519056,277967,5258,-1085,-1390,-1695,-1990,0,21176,47079,240,2046,1605,1186,-37328.918322,18439.000000,15067.000000,1318.835288,44.742969,
131,0XAAAAAAAA,1035,0,2,0,1,0,0,0,0,0,6,1073741528,0,14492,-13,527026,270328,5258,108,-247,-584,-851,0,12561,50182,240,2046,1538,1174,-11495.540344,6815.000000,7428.000000,1322.210166,34.705672,
132,0XAAAAAAAA,1035,0,2,0,1,0,0,0,0,0,6,1073741528,0,21723,-24,526051,317850,5257,-7656,-8041,-8213,-8384,0,56905,57885,240,2046,2236,1173,-231785.512168,54824.500000,55000.000000,1341.503421,116.214866,
133,0XAAAAAAAA,1035,0,2,0,1,0,0,0,0,0,6,1073741528,0,17545,-22,524232,292064,5257,-3804,-4204,-4491,-4563,0,9057,59999,240,2046,1771,1186,-114240.769631,29948.000000,29214.000000,1327.767840,66.321335,
134,0XAAAAAAAA,1035,0,2,0,1,0,0,0,0,0,6,1073741528,0,16543,-13,526863,285018,5257,-482,-787,-1071,-1338,0,59048,60416,240,2046,1685,1170,-24827.021973,21586.500000,22168.000000,1328.278592,53.548076,
135,0XAAAAAAAA,1035,0,2,0,1,0,0,0,0,0,6,1073741528,0,15029,-14,526965,274350,5257,-408,-750,-1013,-1232,0,15514,61624,240,2046,1618,1174,-24070.688605,10867.500000,11500.000000,1321.893939,34.438507,
136,0XAAAAAAAA,1035,0,2,0,1,0,0,0,0,0,6,1073741528,0,17259,-20,526645,289086,5254,-3028,-3392,-3700,-3822,0,21800,63185,240,2046,1748,1186,-89714.993804,25763.500000,26386.000000,1327.460411,58.224959,
137,0XAAAAAAAA,1035,0,2,0,1,0,0,0,0,0,6,1073741528,0,16855,-20,524764,285273,5254,-2847,-3218,-3529,-3704,0,37679,3078,241,2046,1704,1163,-80235.947259,22891.000000,22573.000000,1324.469208,57.021079,
138,0XAAAAAAAA,1035,0,2,0,1,0,0,0,0,0,6,1073741528,0,16259,-18,529481,284804,5254,-2020,-2347,-2660,-2944,0,54458,3872,241,2046,1633,1186,-57201.512696,20063.500000,22104.000000,1328.389541,51.535743,
139,0XAAAAAAAA,1035,0,2,0,1,0,0,0,0,0,6,1073741528,0,17699,-19,528383,289846,5257,-3918,-4308,-4506,-4440,0,13901,4881,241,2046,1796,1176,-165578.231293,25654.500000,26996.000000,1323.470186,65.281411,
140,0XAAAAAAAA,1035,0,2,0,1,0,0,0,0,0,6,1073741528,0,16688,-17,526852,283166,5257,-2176,-2490,-2677,-2797,0,46456,12302,241,2046,1741,1175,-85772.357724,19740.000000,20316.000000,1321.407625,52.403680,
141,0XAAAAAAAA,1035,0,2,0,1,0,0,0,0,0,6,1073741528,0,16782,-19,526606,285176,5257,-2537,-2902,-3241,-3491,0,40239,17900,241,2046,1686,1189,-66704.154952,21873.000000,22326.000000,1325.426197,53.757113,
142,0XAAAAAAAA,1035,0,2,0,1,0,0,0,0,0,6,1073741528,0,15592,-15,524843,278852,5262,-452,-778,-1033,-1291,0,5103,21183,241,2046,1667,1150,-24701.779702,16430.500000,15752.000000,1318.581623,41.750258,
143,0XAAAAAAAA,1035,0,2,0,1,0,0,0,0,0,6,1073741528,0,16420,-19,523909,286122,5262,-2591,-2931,-3237,-3423,0,28760,22843,241,2046,1652,1213,-75793.480847,24167.500000,23022.000000,1327.112414,51.656860,
144,0XAAAAAAAA,1035,0,2,0,1,0,0,0,0,0,6,1073741528,0,18757,-19,523464,298441,5262,-4816,-5335,-5622,-5650,0,45437,30866,241,2046,1926,1139,-131354.129318,36709.000000,35341.000000,1332.199413,79.444739,
145,0XAAAAAAAA,1035,0,2,0,1,0,0,0,0,0,6,1073741528,0,16365,-18,525474,283208,5256,-2174,-2494,-2817,-3100,0,41495,37959,241,2046,1659,1182,-60223.583790,20471.000000,20408.000000,1326.181329,50.601995,
146,0XAAAAAAAA,1035,0,2,0,1,0,0,0,0,0,6,1073741528,0,17274,-19,526367,288882,5256,-3314,-3700,-3976,-4025,0,36011,44962,241,2046,1742,1170,-107214.611872,25698.500000,26082.000000,1332.962366,59.332002,
147,0XAAAAAAAA,1035,0,2,0,1,0,0,0,0,0,6,1073741528,0,31334,-22,521694,386243,5256,-17887,-18122,-18110,-18093,0,57639,49607,241,2046,3171,1179,-1989361.936194,125396.000000,123443.000000,1372.509286,253.338023,
148,0XAAAAAAAA,1035,0,2,0,1,0,0,0,0,0,6,1073741528,0,19732,-20,527275,303917,5256,-6241,-6644,-6687,-6663,0,6306,51891,241,2046,2002,1193,-337366.946779,40279.500000,41117.000000,1341.869013,89.707521,
149,0XAAAAAAAA,1035,0,2,0,1,0,0,0,0,0,6,1073741528,0,15622,-16,528660,275656,5256,-1343,-1654,-1935,-2218,0,9189,58243,241,2046,1582,1181,-44340.445056,11326.000000,12856.000000,1325.227273,41.392864,
150,0XAAAAAAAA,1035,0,2,0,1,0,0,0,0,0,6,1073741528,0,17835,-19,523726,295044,5259,-3503,-3943,-4262,-4346,0,3928,59047,241,2046,1796,1182,-97282.303371,33181.000000,32094.000000,1322.093353,70.382349,
151,0XAAAAAAAA,1035,0,2,0,1,0,0,0,0,0,6,1073741528,0,16159,-17,526239,282400,5258,-1675,-1980,-2285,-2579,0,48662,61481,241,2046,1626,1180,-50394.431555,19280.500000,19500.000000,1323.086022,48.493738,
152,0XAAAAAAAA,1035,0,2,0,1,0,0,0,0,0,6,1073741528,0,15302,-14,520803,275063,5260,380,-7,-342,-558,0,40736,330,242,2046,1612,1187,-6122.578596,14661.500000,12063.000000,1319.804008,37.241992,
153,0XAAAAAAAA,1035,0,2,0,1,0,0,0,0,0,6,1073741528,0,16415,-19,527779,283852,5260,-2121,-2437,-2741,-2989,0,3258,8088,242,2046,1661,1183,-62297.111417,19962.500000,20852.000000,1326.693548,51.838972,
154,0XAAAAAAAA,1035,0,2,0,1,0,0,0,0,0,6,1073741528,0,16406,-18,529910,286329,5261,-1789,-2103,-2417,-2719,0,49396,11107,242,2046,1656,1170,-51808.419244,21374.000000,23279.000000,1323.688661,51.356224,
155,0XAAAAAAAA,1035,0,2,0,1,0,0,0,0,0,6,1073741528,0,20068,-21,525089,305436,5261,-5728,-6242,-6467,-6537,0,61813,12489,242,2046,2036,1180,-160284.062343,42891.500000,42386.000000,1332.340665,93.997732,
156,0XAAAAAAAA,1035,0,2,0,1,0,0,0,0,0,6,1073741528,0,16767,-18,528324,285350,5261,-2406,-2757,-3092,-3359,0,48240,15457,242,2046,1690,1179,-63936.547694,21188.000000,22300.000000,1322.183284,53.635132,
157,0XAAAAAAAA,1035,0,2,0,1,0,0,0,0,0,6,1073741528,0,16101,-14,524574,282863,5259,46,-279,-564,-821,0,48301,16411,242,2046,1646,1172,-12677.292677,20576.000000,19913.000000,1326.260508,47.665266,
158,0XAAAAAAAA,1035,0,2,0,1,0,0,0,0,0,6,1073741528,0,16423,-17,524915,280516,5259,-2040,-2356,-2675,-2957,0,39117,20948,242,2046,1654,1174,-57774.158523,18058.500000,17566.000000,1322.859726,50.579181,
159,0XAAAAAAAA,1035,0,2,0,1,0,0,0,0,0,6,1073741528,0,19662,-20,523966,303126,5257,-5740,-6213,-6341,-6334,0,21337,21994,242,2046,1993,1169,-218237.347295,41143.000000,40276.000000,1334.461388,86.903319,
160,0XAAAAAAAA,1035,0,2,0,1,0,0,0,0,0,6,1073741528,0,15740,-26,524488,280596,5257,-1796,-2182,-2510,-2653,0,23495,24385,242,2046,1651,1161,-55885.937680,18352.000000,17746.000000,1319.405181,44.784600,
161,0XAAAAAAAA,1035,0,2,0,1,0,0,0,0,0,6,1073741528,0,17836,-20,524590,292054,5257,-3662,-4063,-4384,-4486,0,16866,26820,242,2046,1803,1111,-102360.663564,29759.000000,29204.000000,1326.576735,69.181394,
162,0XAAAAAAAA,1035,0,2,0,1,0,0,0,0,0,6,1073741528,0,15900,-16,530559,282092,5257,-1311,-1624,-1945,-2249,0,54808,32460,242,2046,1629,1175,-41233.386497,16812.500000,19242.000000,1325.271750,48.380361,
163,0XAAAAAAAA,1035,0,2,0,1,0,0,0,0,0,6,1073741528,0,14817,-26,529085,272854,5250,-611,-956,-1301,-1585,0,20289,34255,242,2046,1599,1179,-26050.403020,8311.500000,10354.000000,1321.059140,38.914711,
164,0XAAAAAAAA,1035,0,2,0,1,0,0,0,0,0,6,1073741528,0,15990,-17,526702,280788,5250,-1573,-1884,-2176,-2429,0,9592,34450,242,2046,1643,1171,-50314.685315,17437.000000,18288.000000,1323.561584,45.768136,
165,0XAAAAAAAA,1035,0,2,0,1,0,0,0,0,0,6,1073741528,0,17482,-20,533358,291341,5250,-3423,-3830,-4140,-4277,0,41555,47504,242,2046,1767,1188,-94268.802228,24662.000000,28841.000000,1327.040567,63.383261,
166,0XAAAAAAAA,1035,0,2,0,1,0,0,0,0,0,6,1073741528,0,18389,-20,527011,295585,5256,-4357,-4820,-5154,-5252,0,48102,52163,242,2046,1866,1188,-111443.082698,32079.500000,32785.000000,1330.901760,72.994045,
167,0XAAAAAAAA,1035,0,2,0,1,0,0,0,0,0,6,1073741528,0,15706,-16,528019,277766,5256,-1354,-1698,-2017,-2294,0,52919,53572,242,2046,1618,1198,-42427.524689,13756.500000,14966.000000,1321.471163,44.178976,
168,0XAAAAAAAA,1035,0,2,0,1,0,0,0,0,0,6,1073741528,0,17160,-21,520403,287547,5256,-3019,-3408,-3719,-3838,0,64793,55021,242,2046,1729,1165,-87533.718690,27345.500000,24747.000000,1323.366569,58.435572,
169,0XAAAAAAAA,1035,0,2,0,1,0,0,0,0,0,6,1073741528,0,17281,-19,525487,287533,5257,-3004,-3411,-3781,-3970,0,27358,55395,242,2046,1748,1176,-75579.355365,24789.500000,24683.000000,1324.262463,59.786252,
170,0XAAAAAAAA,1035,0,2,0,1,0,0,0,0,0,6,1073741528,0,23204,-21,526357,327758,5257,-9530,-10012,-10039,-10037,0,50325,57092,242,2046,2353,1208,-429883.720930,64579.500000,64908.000000,1352.772239,133.723895,
171,0XAAAAAAAA,1035,0,2,0,1,0,0,0,0,0,6,1073741528,0,14937,-26,525634,271987,5257,-834,-1197,-1526,-1751,0,54416,64428,242,2046,1604,1169,-32056.277056,9170.000000,9137.000000,1317.738025,39.571196,
172,0XAAAAAAAA,1035,0,2,0,1,0,0,0,0,0,6,1073741528,0,18108,-24,523687,295108,5257,-3841,-4237,-4427,-4610,0,29341,5302,243,2046,1881,1165,-117570.417835,33264.500000,32258.000000,1330.527859,71.613788,
173,0XAAAAAAAA,1035,0,2,0,1,0,0,0,0,0,6,1073741528,0,16405,-18,526806,283207,5257,-1955,-2282,-2600,-2894,0,22190,12324,243,2046,1652,1155,-55066.454014,19804.000000,20357.000000,1325.745357,49.472438,
174,0XAAAAAAAA,1035,0,2,0,1,0,0,0,0,0,6,1073741528,0,16085,-17,527669,278973,5257,-1697,-2008,-2322,-2639,0,13683,12724,243,2046,1614,1176,-49331.210191,15138.500000,16123.000000,1321.916422,44.559409,
175,0XAAAAAAAA,1035,0,2,0,1,0,0,0,0,0,6,1073741528,0,17433,-19,526321,290926,5257,-3288,-3635,-3903,-3986,0,7718,13293,243,2046,1769,1183,-107849.280271,27765.500000,28076.000000,1329.948680,63.106249,
176,0XAAAAAAAA,1035,0,2,0,1,0,0,0,0,0,6,1073741528,0,16341,-17,527183,283273,5253,-1943,-2275,-2605,-2898,0,28976,13932,243,2046,1674,1173,-54042.775170,19681.500000,20623.000000,1321.148583,53.587318,
177,0XAAAAAAAA,1035,0,2,0,1,0,0,0,0,0,6,1073741528,0,16638,-18,530802,285120,5254,-2484,-2824,-3094,-3238,0,51176,19725,243,2046,1711,1160,-79952.606635,19719.000000,22420.000000,1321.734604,56.929751,
178,0XAAAAAAAA,1035,0,2,0,1,0,0,0,0,0,6,1073741528,0,17406,-19,525037,291701,5260,-3282,-3709,-4038,-4162,0,24723,20310,243,2046,1773,1187,-88608.959246,29182.500000,28701.000000,1329.560117,64.664689,
179,0XAAAAAAAA,1035,0,2,0,1,0,0,0,0,0,6,1073741528,0,16693,-19,526885,286828,5260,-2522,-2869,-3173,-3348,0,7108,22616,243,2046,1687,1217,-74696.860772,23385.500000,23828.000000,1333.598729,52.762640,
180,0XAAAAAAAA,1035,0,2,0,1,0,0,0,0,0,6,1073741528,0,17479,-19,523961,292455,5260,-3336,-3763,-4125,-4273,0,32497,24071,243,2046,1758,1147,-84733.690514,30474.500000,29455.000000,1324.651026,65.257610,
181,0XAAAAAAAA,1035,0,2,0,1,0,0,0,0,0,6,1073741528,0,16403,-23,529157,285029,5259,-2108,-2507,-2831,-3003,0,15136,26471,243,2046,1684,1176,-61209.704221,20450.500000,22079.000000,1328.787390,53.630914,
182,0XAAAAAAAA,1035,0,2,0,1,0,0,0,0,0,6,1073741528,0,15910,-23,526739,279567,5259,-1852,-2204,-2543,-2805,0,39680,27796,243,2046,1627,1179,-52343.131124,16197.500000,16617.000000,1322.350929,44.909380,
183,0XAAAAAAAA,1035,0,2,0,1,0,0,0,0,0,6,1073741528,0,14721,-14,526315,270547,5257,-533,-889,-1222,-1489,0,29905,33875,243,2046,1547,1178,-24852.650213,7389.500000,7697.000000,1319.247801,37.184511,
184,0XAAAAAAAA,1035,0,2,0,1,0,0,0,0,0,6,1073741528,0,20282,-21,527603,306641,5257,-6322,-6760,-6841,-6857,0,16539,37123,243,2046,2051,1188,-268062.475287,42839.500000,43791.000000,1339.263930,94.322225,
185,0XAAAAAAAA,1035,0,2,0,1,0,0,0,0,0,6,1073741528,0,16032,-16,525870,279775,5260,-1860,-2185,-2425,-2634,0,57634,37242,243,2046,1700,1199,-62557.897476,16840.000000,16775.000000,1325.002444,46.715749,
186,0XAAAAAAAA,1035,0,2,0,1,0,0,0,0,0,6,1073741528,0,16683,-17,524032,285003,5260,-2340,-2713,-3037,-3266,0,15133,39959,243,2046,1705,1175,-64347.732646,22987.000000,22003.000000,1325.692571,52.407810,
187,0XAAAAAAAA,1035,0,2,0,1,0,0,0,0,0,6,1073741528,0,16281,-19,523833,282892,5260,-2205,-2548,-2856,-3095,0,7143,42148,243,2046,1645,1187,-63239.310499,20975.500000,19892.000000,1320.365591,49.153691,
188,0XAAAAAAAA,1035,0,2,0,1,0,0,0,0,0,6,1073741528,0,16089,-17,528130,280385,5260,-1590,-1911,-2213,-2498,0,27172,47842,243,2046,1632,1183,-48563.560256,16320.000000,17385.000000,1323.220919,48.939147,
189,0XAAAAAAAA,1035,0,2,0,1,0,0,0,0,0,6,1073741528,0,15072,-13,525629,275826,5257,-145,-486,-776,-1043,0,16147,55609,243,2046,1585,1189,-17017.426273,13011.500000,12976.000000,1320.013196,37.710975,
190,0XAAAAAAAA,1035,0,2,0,1,0,0,0,0,0,6,1073741528,0,19072,-23,530571,299978,5257,-4410,-4882,-5082,-5256,0,27655,59208,243,2046,1961,1180,-122824.446068,34692.500000,37128.000000,1332.022483,82.095053,
191,0XAAAAAAAA,1035,0,2,0,1,0,0,0,0,0,6,1073741528,0,16032,-17,528442,280896,5258,-1509,-1812,-2120,-2411,0,5580,5114,244,2046,1618,1174,-46752.930768,16675.000000,17996.000000,1321.304008,45.946859,
192,0XAAAAAAAA,1035,0,2,0,1,0,0,0,0,0,6,1073741528,0,16330,-18,526040,282183,5258,-2198,-2529,-2838,-3078,0,55136,5459,244,2046,1661,1188,-63483.666780,19163.000000,19283.000000,1325.277615,49.315462,
193,0XAAAAAAAA,1035,0,2,0,1,0,0,0,0,0,6,1073741528,0,16584,-17,525498,282089,5256,-2137,-2464,-2799,-3046,0,36063,11384,244,2046,1739,1166,-60191.595907,19340.000000,19289.000000,1325.484848,52.099513,
194,0XAAAAAAAA,1035,0,2,0,1,0,0,0,0,0,6,1073741528,0,14999,-13,526220,274676,5256,140,-190,-516,-786,0,15325,15266,244,2046,1557,1164,-10592.783505,11566.000000,11876.000000,1317.424242,38.235315,
195,0XAAAAAAAA,1035,0,2,0,1,0,0,0,0,0,6,1073741528,0,16720,-16,526399,285853,5257,-869,-1184,-1433,-1658,0,9059,30577,244,2046,1693,1192,-36106.014271,22653.500000,23003.000000,1324.040078,54.865501,
196,0XAAAAAAAA,1035,0,2,0,1,0,0,0,0,0,6,1073741528,0,16727,-22,525431,285297,5257,-2601,-2985,-3319,-3524,0,38493,32169,244,2046,1702,1186,-70091.309485,22581.500000,22447.000000,1324.354839,57.294093,
197,0XAAAAAAAA,1035,0,2,0,1,0,0,0,0,0,6,1073741528,0,15994,-14,525385,281226,5255,183,-132,-438,-715,0,4498,41073,244,2046,1620,1180,-9455.555556,18533.500000,18476.000000,1321.544966,48.577806,
198,0XAAAAAAAA,1035,0,2,0,1,0,0,0,0,0,6,1073741528,0,17065,-19,527058,287479,5255,-2713,-3124,-3423,-3511,0,62841,41497,244,2046,1736,1161,-82371.580641,23950.000000,24729.000000,1327.289834,60.483589,
199,0XAAAAAAAA,1035,0,2,0,1,0,0,0,0,0,6,1073741528,0,16128,-18,524162,281183,5255,-1543,-1858,-2161,-2432,0,19723,46685,244,2046,1631,1190,-48193.041526,19102.000000,18433.000000,1323.960411,46.342133,
200,0XAAAAAAAA,1035,0,2,0,1,0,0,0,0,0,6,1073741528,0,16452,-18,523310,285542,5255,-2345,-2694,-3013,-3223,0,23405,47730,244,2046,1669,1177,-66969.183881,23887.000000,22792.000000,1325.855816,51.750909,
201,0XAAAAAAAA,1035,0,2,0,1,0,0,0,0,0,6,1073741528,0,16079,-17,524607,279537,5254,-1798,-2148,-2474,-2744,0,26304,53563,244,2046,1643,1189,-51605.562579,17233.500000,16837.000000,1327.037634,44.576875,
202,0XAAAAAAAA,1035,0,2,0,1,0,0,0,0,0,6,1073741528,0,16079,-25,523930,279826,5255,-2099,-2513,-2817,-2939,0,44747,54532,244,2046,1654,1173,-64523.135033,17861.000000,17076.000000,1325.834800,47.528898,
203,0XAAAAAAAA,1035,0,2,0,1,0,0,0,0,0,6,1073741528,0,16341,-17,529910,285136,5255,-1668,-1989,-2294,-2580,0,57140,228,245,2046,1655,1144,-50088.786583,20181.000000,22386.000000,1323.696481,53.315933,
204,0XAAAAAAAA,1035,0,2,0,1,0,0,0,0,0,6,1073741528,0,16451,-18,523565,282211,5255,-2238,-2587,-2908,-3149,0,24457,1101,245,2046,1657,1189,-62719.930146,20428.500000,19461.000000,1328.838710,49.278563,
205,0XAAAAAAAA,1035,0,2,0,1,0,0,0,0,0,6,1073741528,0,20661,-20,524595,309223,5254,-6812,-7359,-7548,-7483,0,32107,4253,245,2046,2121,1173,-224359.673025,46925.500000,46523.000000,1341.090420,100.828965,
206,0XAAAAAAAA,1035,0,2,0,1,0,0,0,0,0,6,1073741528,0,18008,-20,525380,293177,5254,-3919,-4349,-4643,-4708,0,61502,7362,245,2046,1821,1193,-113686.583991,30487.000000,30477.000000,1325.369990,70.051562,
207,0XAAAAAAAA,1035,0,2,0,1,0,0,0,0,0,6,1073741528,0,16931,-19,525325,284897,5254,-3026,-3436,-3695,-3711,0,62754,7643,245,2046,1718,1171,-103218.092769,22234.500000,22197.000000,1327.103617,57.294962,
208,0XAAAAAAAA,1035,0,2,0,1,0,0,0,0,0,6,1073741528,0,16415,-17,527326,283759,5254,-1471,-1788,-2104,-2405,0,13432,10887,245,2046,1656,1161,-44855.676716,20096.000000,21059.000000,1327.135386,48.149112,
209,0XAAAAAAAA,1035,0,2,0,1,0,0,0,0,0,6,1073741528,0,15090,-13,529126,274642,5254,485,192,-69,-354,0,5076,17149,245,2046,1587,1156,-1809.455244,10079.000000,11942.000000,1321.160313,36.468491,
210,0XAAAAAAAA,1035,0,2,0,1,0,0,0,0,0,6,1073741528,0,16547,-18,522766,284161,5254,-2063,-2385,-2685,-2950,0,41091,19186,245,2046,1683,1197,-60087.808173,22778.000000,21461.000000,1327.479961,52.986159,
211,0XAAAAAAAA,1035,0,2,0,1,0,0,0,0,0,6,1073741528,0,16068,-17,524837,283033,5254,-1596,-1909,-2220,-2524,0,6199,32638,245,2046,1617,1180,-47754.442649,20614.500000,20333.000000,1323.569892,48.391657,
212,0XAAAAAAAA,1035,0,2,0,1,0,0,0,0,0,6,1073741528,0,17621,-20,526801,292626,5254,-3875,-4274,-4540,-4596,0,39815,34230,245,2046,1781,1203,-121934.952655,29225.500000,29926.000000,1333.666667,64.847496,
213,0XAAAAAAAA,1035,0,2,0,1,0,0,0,0,0,6,1073741528,0,16721,-23,524596,283015,5257,-2568,-2928,-3225,-3399,0,9127,36465,245,2046,1711,1186,-75734.767025,20717.000000,20165.000000,1325.571848,53.332818,
214,0XAAAAAAAA,1035,0,2,0,1,0,0,0,0,0,6,1073741528,0,16506,-18,524975,284227,5257,-1865,-2164,-2450,-2724,0,46317,36538,245,2046,1676,1191,-56907.672604,21739.500000,21377.000000,1325.192082,50.581494,
215,0XAAAAAAAA,1035,0,2,0,1,0,0,0,0,0,6,1073741528,0,15479,-13,524724,279007,5257,-316,-637,-935,-1208,0,15383,38488,245,2046,1559,1173,-20683.703206,16645.000000,16157.000000,1322.135875,45.158395,
216,0XAAAAAAAA,1035,0,2,0,1,0,0,0,0,0,6,1073741528,0,16535,-19,526778,284226,5257,-2217,-2551,-2862,-3132,0,40434,42404,245,2046,1665,1169,-62026.614311,20837.000000,21376.000000,1321.894428,51.131963,
217,0XAAAAAAAA,1035,0,2,0,1,0,0,0,0,0,6,1073741528,0,15807,-15,527492,278583,5257,-1252,-1574,-1857,-2123,0,447,46175,245,2046,1680,1188,-42502.302026,14837.000000,15733.000000,1319.542522,44.311105,
218,0XAAAAAAAA,1035,0,2,0,1,0,0,0,0,0,6,1073741528,0,15696,-13,523050,281437,5256,-377,-707,-1020,-1292,0,25409,49894,245,2046,1599,1162,-21842.162634,19912.000000,18637.000000,1319.774194,47.217751,
219,0XAAAAAAAA,1035,0,2,0,1,0,0,0,0,0,6,1073741528,0,16447,-19,526043,283577,5255,-2168,-2506,-2826,-3077,0,7185,51470,245,2046,1668,1188,-61188.053823,20555.500000,20827.000000,1324.437928,52.322276,
220,0XAAAAAAAA,1035,0,2,0,1,0,0,0,0,0,6,1073741528,0,16883,-16,528903,287419,5260,-1505,-1854,-2067,-2223,0,58733,52759,245,2046,1773,1203,-57191.944797,22967.500000,24419.000000,1328.029326,54.326959,
221,0XAAAAAAAA,1035,0,2,0,1,0,0,0,0,0,6,1073741528,0,18245,-20,528740,297323,5260,-4449,-4860,-5053,-5023,0,41346,54822,245,2046,1849,1167,-172045.256745,32953.000000,34323.000000,1330.459433,74.407428,
222,0XAAAAAAAA,1035,0,2,0,1,0,0,0,0,0,6,1073741528,0,16312,-18,527037,283893,5260,-2251,-2583,-2896,-3099,0,49910,55512,245,2046,1658,1185,-66505.658616,20374.500000,20893.000000,1325.908113,50.433249,
223,0XAAAAAAAA,1035,0,2,0,1,0,0,0,0,0,6,1073741528,0,16166,-17,524633,282244,5260,-1269,-1568,-1872,-2163,0,41143,56260,245,2046,1634,1185,-41690.109399,19927.500000,19244.000000,1322.386119,48.277712,
224,0XAAAAAAAA,1035,0,2,0,1,0,0,0,0,0,6,1073741528,0,22457,-21,523689,321480,5260,-8649,-9105,-9130,-9125,0,48037,56666,245,2046,2275,1147,-416375.315439,59635.500000,58480.000000,1343.247801,125.778750,
225,0XAAAAAAAA,1035,0,2,0,1,0,0,0,0,0,6,1073741528,0,15664,-15,522501,277530,5260,-184,-484,-784,-1062,0,18170,61781,245,2046,1670,1190,-17614.178596,16279.500000,14530.000000,1323.110948,41.914192,
226,0XAAAAAAAA,1035,0,2,0,1,0,0,0,0,0,6,1073741528,0,16660,-19,525155,286755,5260,-2450,-2783,-3079,-3276,0,37002,3581,246,2046,1681,1169,-72956.020187,24177.500000,23755.000000,1329.875855,51.465495,
227,0XAAAAAAAA,1035,0,2,0,1,0,0,0,0,0,6,1073741528,0,16711,-18,527092,284397,5260,-2513,-2840,-3105,-3256,0,46763,3726,246,2046,1734,1176,-81614.541566,20851.000000,21397.000000,1320.609482,53.390770,
228,0XAAAAAAAA,1035,0,2,0,1,0,0,0,0,0,6,1073741528,0,16317,-18,524412,284341,5259,-2205,-2533,-2842,-3087,0,40217,15205,246,2046,1644,1171,-63496.897913,22135.000000,21391.000000,1325.615836,50.448187,
229,0XAAAAAAAA,1035,0,2,0,1,0,0,0,0,0,6,1073741528,0,19140,-21,528176,299169,5259,-5502,-5839,-5925,-5928,0,39791,15860,246,2046,1939,1192,-286739.980450,35081.000000,36219.000000,1330.868524,81.354671,
230,0XAAAAAAAA,1035,0,2,0,1,0,0,0,0,0,6,1073741528,0,17893,-20,525215,292301,5254,-3832,-4266,-4539,-4575,0,55837,22746,246,2046,1805,1200,-117988.276046,29693.500000,29601.000000,1328.201857,66.684517,
231,0XAAAAAAAA,1035,0,2,0,1,0,0,0,0,0,6,1073741528,0,18517,-20,523038,298373,5254,-4481,-4969,-5268,-5310,0,40467,25663,246,2046,1870,1185,-123146.685810,36854.000000,35673.000000,1329.843109,75.965344,
232,0XAAAAAAAA,1035,0,2,0,1,0,0,0,0,0,6,1073741528,0,16101,-17,525561,280625,5263,-1997,-2367,-2662,-2807,0,47217,31482,246,2046,1690,1194,-63474.006116,17844.500000,17475.000000,1324.467253,45.648361,
233,0XAAAAAAAA,1035,0,2,0,1,0,0,0,0,0,6,1073741528,0,16473,-19,524058,285006,5263,-2106,-2444,-2755,-3003,0,19732,45351,246,2046,1662,1183,-60561.847657,22977.000000,21856.000000,1327.573803,52.613608,
234,0XAAAAAAAA,1035,0,2,0,1,0,0,0,0,0,6,1073741528,0,19514,-20,527455,304108,5263,-5399,-5905,-6166,-6177,0,18456,45459,246,2046,1985,1197,-155208.734746,40380.500000,40958.000000,1335.662268,87.391552,
235,0XAAAAAAAA,1035,0,2,0,1,0,0,0,0,0,6,1073741528,0,16094,-18,525154,281451,5263,-1673,-1984,-2291,-2597,0,7108,47041,246,2046,1619,1175,-49587.528418,18874.000000,18301.000000,1322.883187,46.976186,
236,0XAAAAAAAA,1035,0,2,0,1,0,0,0,0,0,6,1073741528,0,17257,-19,523639,290626,5263,-2878,-3299,-3645,-3817,0,4328,49534,246,2046,1747,1159,-75200.758773,28806.500000,27476.000000,1323.927664,61.495533,
237,0XAAAAAAAA,1035,0,2,0,1,0,0,0,0,0,6,1073741528,0,16463,-19,527748,286091,5263,-2579,-2922,-3244,-3458,0,8153,60635,246,2046,1655,1182,-72067.139799,22217.000000,22941.000000,1325.110948,53.285000,
238,0XAAAAAAAA,1035,0,2,0,1,0,0,0,0,0,6,1073741528,0,15985,-17,520402,280225,5255,-1593,-1897,-2203,-2497,0,61696,61483,246,2046,1607,1172,-48561.961564,20024.000000,17475.000000,1317.960899,46.084270,
239,0XAAAAAAAA,1035,0,2,0,1,0,0,0,0,0,6,1073741528,0,16452,-18,526155,286081,5255,-2024,-2358,-2688,-2983,0,50292,858,247,2046,1660,1172,-55578.422201,23003.500000,23331.000000,1324.099218,52.802250,
240,0XAAAAAAAA,1035,0,2,0,1,0,0,0,0,0,6,1073741528,0,17769,-20,529203,292332,5264,-4019,-4392,-4531,-4525,0,48931,5435,247,2046,1807,1151,-179022.329511,27730.500000,29132.000000,1329.427175,69.985275,
241,0XAAAAAAAA,1035,0,2,0,1,0,0,0,0,0,6,1073741528,0,16001,-24,525681,283022,5264,-1950,-2309,-2652,-2906,0,27422,25292,247,2046,1644,1173,-54288.383681,20181.500000,19822.000000,1320.798143,49.864115,
242,0XAAAAAAAA,1035,0,2,0,1,0,0,0,0,0,6,1073741528,0,15608,-14,526754,276445,5264,-704,-983,-1260,-1513,0,42302,29875,247,2046,1666,1174,-30823.471400,13068.000000,13245.000000,1319.656891,40.570812,
243,0XAAAAAAAA,1035,0,2,0,1,0,0,0,0,0,6,1073741528,0,17153,-20,525248,288298,5264,-2941,-3327,-3653,-3850,0,5231,32485,247,2046,1728,1151,-78510.754449,25674.000000,25098.000000,1331.225806,58.585292,
244,0XAAAAAAAA,1035,0,2,0,1,0,0,0,0,0,6,1073741528,0,16884,-18,522128,287883,5252,-2546,-2942,-3297,-3527,0,19057,34661,247,2046,1708,1170,-65552.860319,26819.000000,25283.000000,1331.611926,54.677674,
245,0XAAAAAAAA,1035,0,2,0,1,0,0,0,0,0,6,1073741528,0,16444,-22,528074,285106,5252,-1657,-1996,-2337,-2628,0,56015,36376,247,2046,1692,1147,-47473.878304,21069.000000,22506.000000,1321.939394,55.556451,
246,0XAAAAAAAA,1035,0,2,0,1,0,0,0,0,0,6,1073741528,0,16250,-18,525720,282791,5259,-1610,-1922,-2234,-2523,0,51409,41780,247,2046,1638,1161,-48613.569322,19931.000000,19841.000000,1320.915445,48.222908,
247,0XAAAAAAAA,1035,0,2,0,1,0,0,0,0,0,6,1073741528,0,16081,-15,522516,282530,5259,-1057,-1442,-1738,-1919,0,62647,52958,247,2046,1660,1179,-38933.610918,21272.000000,19580.000000,1324.546921,46.861044,
248,0XAAAAAAAA,1035,0,2,0,1,0,0,0,0,0,6,1073741528,0,21292,-21,522636,315456,5261,-7776,-8068,-8054,-8042,0,15083,56631,247,2046,2154,1184,-682329.931973,54138.000000,52406.000000,1347.799120,110.123863,
249,0XAAAAAAAA,1035,0,2,0,1,0,0,0,0,0,6,1073741528,0,14788,-14,525826,271621,5260,-428,-754,-1085,-1375,0,63879,57540,247,2046,1574,1178,-22469.525011,8708.000000,8621.000000,1313.371457,34.666359,
250,0XAAAAAAAA,1035,0,2,0,1,0,0,0,0,0,6,1073741528,0,16911,-19,520970,287069,5253,-2790,-3206,-3575,-3789,0,941,57968,247,2046,1716,1162,-69485.046544,26584.000000,24419.000000,1322.044477,57.862981,
251,0XAAAAAAAA,1035,0,2,0,1,0,0,0,0,0,6,1073741528,0,17956,-20,524309,292980,5253,-3998,-4404,-4601,-4597,0,47854,59730,247,2046,1808,1149,-150441.323972,30825.500000,30330.000000,1326.801075,70.891950,
252,0XAAAAAAAA,1035,0,2,0,1,0,0,0,0,0,6,1073741528,0,21303,-20,524391,317270,5252,-7889,-8184,-8088,-7982,0,30725,64801,247,2046,2227,1181,-2930746.812386,55074.500000,54670.000000,1343.651515,114.111769,
253,0XAAAAAAAA,1035,0,2,0,1,0,0,0,0,0,6,1073741528,0,16992,-19,525684,287037,5256,-2809,-3170,-3486,-3672,0,44888,65327,247,2046,1713,1186,-78703.384968,24195.000000,24237.000000,1327.759531,57.341706,
254,0XAAAAAAAA,1035,0,2,0,1,0,0,0,0,0,6,1073741528,0,18365,-22,521187,297792,5256,-4184,-4580,-4750,-4845,0,56502,3359,248,2046,1850,1186,-145452.856479,37198.500000,34992.000000,1332.123656,74.469672,
255,0XAAAAAAAA,1035,0,2,0,1,0,0,0,0,0,6,1073741528,0,23297,-21,524288,330377,5252,-9722,-10051,-10054,-10061,0,842,3887,248,2046,2360,1168,-655098.039216,68233.000000,67777.000000,1347.404203,139.793341,
256,0XAAAAAAAA,1035,0,2,0,1,0,0,0,0,0,6,1073741528,0,16483,-18,526190,284050,5252,-2032,-2367,-2694,-2976,0,38330,9481,248,2046,1658,1186,-56456.684605,20955.000000,21450.000000,1326.639785,50.712015,
257,0XAAAAAAAA,1035,0,2,0,1,0,0,0,0,0,6,1073741528,0,15841,-17,523874,283847,5262,-1728,-2056,-2363,-2622,0,61957,10118,248,2046,1615,1163,-52229.285157,21910.000000,20747.000000,1323.599707,49.793293,
258,0XAAAAAAAA,1035,0,2,0,1,0,0,0,0,0,6,1073741528,0,15065,-26,523547,273341,5262,-1040,-1401,-1756,-2001,0,63056,14508,248,2046,1612,1180,-35235.742228,11567.500000,10241.000000,1315.160802,38.341727,
259,0XAAAAAAAA,1035,0,2,0,1,0,0,0,0,0,6,1073741528,0,20945,-21,528689,312205,5262,-6967,-7476,-7573,-7610,0,52530,16861,248,2046,2112,1182,-247048.371175,47860.500000,49105.000000,1340.115347,105.066629,
260,0XAAAAAAAA,1035,0,2,0,1,0,0,0,0,0,6,1073741528,0,14721,-25,524293,270169,5262,-823,-1187,-1501,-1733,0,62249,25710,248,2046,1562,1166,-32045.554095,8022.500000,7069.000000,1319.476540,35.897993,
261,0XAAAAAAAA,1035,0,2,0,1,0,0,0,0,0,6,1073741528,0,16337,-16,522864,282389,5259,-748,-1094,-1314,-1466,0,38158,30038,248,2046,1686,1183,-35782.083684,20957.000000,19439.000000,1324.346530,48.949688,
262,0XAAAAAAAA,1035,0,2,0,1,0,0,0,0,0,6,1073741528,0,17091,-19,527158,289019,5259,-3162,-3561,-3890,-4029,0,10829,37487,248,2046,1719,1178,-86621.160410,25440.000000,26069.000000,1330.128055,57.677545,
263,0XAAAAAAAA,1035,0,2,0,1,0,0,0,0,0,6,1073741528,0,15129,-14,525091,272371,5259,-453,-854,-1178,-1358,0,29540,37865,248,2046,1592,1157,-24409.345179,9825.500000,9421.000000,1318.116813,37.197152,
264,0XAAAAAAAA,1035,0,2,0,1,0,0,0,0,0,6,1073741528,0,17319,-19,526109,289490,5264,-3091,-3448,-3762,-3949,0,8620,44187,248,2046,1765,1194,-85570.175439,26435.500000,26290.000000,1332.507331,59.893957,
265,0XAAAAAAAA,1035,0,2,0,1,0,0,0,0,0,6,1073741528,0,16176,-17,526236,283451,5264,-1370,-1664,-1968,-2273,0,43114,46301,248,2046,1628,1172,-43575.616772,20333.000000,20251.000000,1325.333333,50.786246,
266,0XAAAAAAAA,1035,0,2,0,1,0,0,0,0,0,6,1073741528,0,16568,-18,526944,286092,5256,-2071,-2382,-2705,-3008,0,36401,47360,248,2046,1673,1162,-57396.298660,22620.000000,23292.000000,1324.794721,55.713798,
267,0XAAAAAAAA,1035,0,2,0,1,0,0,0,0,0,6,1073741528,0,47589,-23,532157,484867,5256,31580,31588,31620,31672,0,45436,60197,248,2046,4847,1161,-6846406.926407,218788.500000,222067.000000,1425.685728,457.953800,
268,0XAAAAAAAA,1035,0,2,0,1,0,0,0,0,0,6,1073741528,0,19527,-20,526068,302177,5256,-5444,-5911,-6060,-6084,0,59432,12,249,2046,1978,1192,-192627.678428,39143.000000,39377.000000,1340.275171,86.589378,
269,0XAAAAAAAA,1035,0,2,0,1,0,0,0,0,0,6,1073741528,0,16512,-17,523309,283198,5256,-1823,-2160,-2438,-2655,0,51992,6721,249,2046,1701,1169,-57863.494352,21543.500000,20398.000000,1326.738514,52.564633,
270,0XAAAAAAAA,1035,0,2,0,1,0,0,0,0,0,6,1073741528,0,16645,-19,526010,285345,5256,-2552,-2901,-3219,-3436,0,43981,12292,249,2046,1679,1166,-71279.461279,22340.000000,22545.000000,1323.682307,53.978425,
271,0XAAAAAAAA,1035,0,2,0,1,0,0,0,0,0,6,1073741528,0,16207,-19,522506,283400,5256,-1884,-2218,-2533,-2801,0,11519,15121,249,2046,1657,1198,-54627.092846,22147.000000,20600.000000,1326.184262,51.132232,
272,0XAAAAAAAA,1035,0,2,0,1,0,0,0,0,0,6,1073741528,0,17505,-23,523174,292198,5256,-3616,-3988,-4166,-4210,0,47119,20706,249,2046,1764,1143,-139217.687075,30611.000000,29398.000000,1330.460899,64.332410,
273,0XAAAAAAAA,1035,0,2,0,1,0,0,0,0,0,6,1073741528,0,16578,-18,529748,287800,5250,-2240,-2561,-2880,-3155,0,48749,24489,249,2046,1672,1193,-62275.892080,22926.000000,25300.000000,1329.938905,53.135091,
274,0XAAAAAAAA,1035,0,2,0,1,0,0,0,0,0,6,1073741528,0,15530,-14,526242,277572,5250,134,-224,-489,-634,0,63623,30693,249,2046,1633,1164,-11202.802647,14451.000000,15072.000000,1317.664223,41.430319,
275,0XAAAAAAAA,1035,0,2,0,1,0,0,0,0,0,6,1073741528,0,19264,-20,528237,299410,5257,-4940,-5462,-5767,-5797,0,39270,32598,249,2046,1958,1182,-130628.187297,35291.500000,36560.000000,1337.409580,80.461519,
276,0XAAAAAAAA,1035,0,2,0,1,0,0,0,0,0,6,1073741528,0,15896,-17,524495,278678,5257,-1531,-1836,-2150,-2459,0,28978,32920,249,2046,1600,1183,-46242.737250,16430.500000,15828.000000,1323.568915,45.056128,
277,0XAAAAAAAA,1035,0,2,0,1,0,0,0,0,0,6,1073741528,0,19805,-21,524756,307045,5252,-5952,-6372,-6461,-6468,0,21166,42694,249,2046,1999,1178,-260439.828955,44667.000000,44445.000000,1337.110459,93.697786,
278,0XAAAAAAAA,1035,0,2,0,1,0,0,0,0,0,6,1073741528,0,15434,-14,524414,276896,5252,-834,-1167,-1495,-1754,0,8584,46810,249,2046,1592,1169,-31668.825561,14689.000000,14296.000000,1318.499022,40.942653,
279,0XAAAAAAAA,1035,0,2,0,1,0,0,0,0,0,6,1073741528,0,15605,-14,523329,277951,5262,-520,-861,-1121,-1335,0,50704,52361,249,2046,1625,1186,-26974.738139,16286.500000,14851.000000,1320.167155,38.743541,
280,0XAAAAAAAA,1035,0,2,0,1,0,0,0,0,0,6,1073741528,0,15595,-13,528214,276820,5262,-89,-413,-711,-970,0,15558,56615,249,2046,1600,1184,-15704.408931,12713.000000,13720.000000,1322.418377,40.848526,
281,0XAAAAAAAA,1035,0,2,0,1,0,0,0,0,0,6,1073741528,0,15085,-13,522382,273346,5253,757,417,89,-186,0,35166,59138,249,2046,1563,1173,2352.444304,12155.000000,10696.000000,1318.593353,36.251279,
282,0XAAAAAAAA,1035,0,2,0,1,0,0,0,0,0,6,1073741528,0,15536,-25,522803,281090,5253,-1300,-1629,-1952,-2251,0,31893,60962,249,2046,1603,1174,-40759.865659,19688.500000,18440.000000,1325.418377,44.023365,
283,0XAAAAAAAA,1035,0,2,0,1,0,0,0,0,0,6,1073741528,0,16521,-19,524024,284444,5253,-2545,-2884,-3206,-3437,0,28336,63729,249,2046,1662,1184,-70444.740938,22432.000000,21794.000000,1329.681818,51.978179,
284,0XAAAAAAAA,1035,0,2,0,1,0,0,0,0,0,6,1073741528,0,15877,-16,525192,282806,5255,-1294,-1615,-1919,-2194,0,8936,65350,249,2046,1617,1193,-42292.498890,20210.000000,20056.000000,1327.308895,44.408080,
285,0XAAAAAAAA,1035,0,2,0,1,0,0,0,0,0,6,1073741528,0,16160,-16,524364,280089,5255,-713,-1040,-1334,-1590,0,28431,4412,250,2046,1652,1176,-29982.905983,17907.000000,17339.000000,1322.234604,48.604009,
286,0XAAAAAAAA,1035,0,2,0,1,0,0,0,0,0,6,1073741528,0,18902,-20,523750,299813,5255,-4827,-5312,-5537,-5546,0,10923,6659,250,2046,1910,1157,-151821.998321,37938.000000,37063.000000,1328.085533,81.749265,
287,0XAAAAAAAA,1035,0,2,0,1,0,0,0,0,0,6,1073741528,0,18021,-20,526014,293807,5255,-4026,-4402,-4622,-4605,0,39835,6760,250,2046,1834,1184,-153691.023676,30800.000000,31057.000000,1333.543011,68.656040,
288,0XAAAAAAAA,1035,0,2,0,1,0,0,0,0,0,6,1073741528,0,17107,-18,526537,289270,5255,-2603,-2980,-3315,-3496,0,63065,7359,250,2046,1730,1173,-71869.055519,26001.500000,26520.000000,1330.258553,58.401082,
289,0XAAAAAAAA,1035,0,2,0,1,0,0,0,0,0,6,1073741528,0,16126,-15,523576,281853,5255,-689,-1018,-1313,-1563,0,7734,9687,250,2046,1658,1170,-29518.912124,20065.000000,19103.000000,1323.470674,49.989528,
290,0XAAAAAAAA,1035,0,2,0,1,0,0,0,0,0,6,1073741528,0,16684,-19,522904,285261,5259,-2394,-2751,-3069,-3274,0,50660,12935,250,2046,1679,1174,-68061.753437,23809.000000,22311.000000,1330.274194,50.827075,
291,0XAAAAAAAA,1035,0,2,0,1,0,0,0,0,0,6,1073741528,0,16161,-15,525785,280621,5259,-388,-694,-969,-1227,0,7472,15358,250,2046,1646,1161,-22901.146132,17728.500000,17671.000000,1320.972630,49.780635,
292,0XAAAAAAAA,1035,0,2,0,1,0,0,0,0,0,6,1073741528,0,17240,-20,521590,285926,5257,-3221,-3624,-3948,-4108,0,51756,17260,250,2046,1738,1181,-86532.663317,25131.000000,23076.000000,1323.284457,57.008430,
293,0XAAAAAAAA,1035,0,2,0,1,0,0,0,0,0,6,1073741528,0,15143,-14,528732,273455,5257,241,-113,-436,-653,0,60516,17344,250,2046,1571,1171,-8663.338880,9089.000000,10605.000000,1313.151515,38.196699,
294,0XAAAAAAAA,1035,0,2,0,1,0,0,0,0,0,6,1073741528,0,16004,-16,528202,280342,5260,-1704,-2046,-2354,-2609,0,64374,18109,250,2046,1625,1194,-51370.603154,16241.000000,17342.000000,1330.820137,45.899215,
295,0XAAAAAAAA,1035,0,2,0,1,0,0,0,0,0,6,1073741528,0,16049,-17,528427,280838,5260,-2022,-2354,-2624,-2830,0,5929,20037,250,2046,1651,1183,-64147.488245,16624.500000,17838.000000,1322.937439,46.234580,
296,0XAAAAAAAA,1035,0,2,0,1,0,0,0,0,0,6,1073741528,0,17199,-19,522504,289322,5260,-2786,-3182,-3511,-3695,0,47258,20606,250,2046,1735,1159,-75181.064572,28070.000000,26322.000000,1325.015152,60.825546,
297,0XAAAAAAAA,1035,0,2,0,1,0,0,0,0,0,6,1073741528,0,17183,-20,525299,290759,5261,-3035,-3414,-3762,-3996,0,46749,21598,250,2046,1726,1185,-76618.178067,28109.500000,27709.000000,1327.916422,61.027223,
298,0XAAAAAAAA,1035,0,2,0,1,0,0,0,0,0,6,1073741528,0,17335,-19,526734,288332,5261,-3217,-3618,-3926,-4048,0,42320,22986,250,2046,1755,1165,-91450.672379,24965.000000,25282.000000,1326.440371,61.306332,
299,0XAAAAAAAA,1035,0,2,0,1,0,0,0,0,0,6,1073741528,0,16333,-17,525675,284403,5261,-2278,-2655,-2990,-3256,0,48091,23413,250,2046,1671,1182,-60328.336902,21565.500000,21353.000000,1326.782502,51.131002,
FILE END
